,MSE,abs_error,abs_target_sum,abs_target_mean,seasonal_error,MASE,MAPE,sMAPE,MSIS,QuantileLoss[0.1],Coverage[0.1],QuantileLoss[0.5],Coverage[0.5],QuantileLoss[0.9],Coverage[0.9],RMSE,NRMSE,ND,wQuantileLoss[0.1],wQuantileLoss[0.5],wQuantileLoss[0.9],mean_absolute_QuantileLoss,mean_wQuantileLoss,MAE_Coverage,OWA
0,642.2322485207101,7371.95361328125,5782.3623046875,17.107580783099113,15.29211622087299,1.426258690016416,2.4927428109305247,1.0797075802052514,8.741261286221517,5224.963839006425,0.5384615384615384,7371.953953742981,0.7544378698224852,2568.511032867431,0.9349112426035503,25.342301563210672,1.4813492266683779,1.2749034434084388,0.9036036767828924,1.2749035022877884,0.44419752646513605,5055.142941872279,0.8742349018452722,0.43491124260355035,
