,MSE,abs_error,abs_target_sum,abs_target_mean,seasonal_error,MASE,MAPE,sMAPE,MSIS,QuantileLoss[0.1],Coverage[0.1],QuantileLoss[0.5],Coverage[0.5],QuantileLoss[0.9],Coverage[0.9],RMSE,NRMSE,ND,wQuantileLoss[0.1],wQuantileLoss[0.5],wQuantileLoss[0.9],mean_absolute_QuantileLoss,mean_wQuantileLoss,MAE_Coverage,OWA
0,1195.8383899468688,356576.25074005127,148991.17483639717,9.63969816488077,6.529707999872746,inf,3.9508983449522774,1.5711810189004272,inf,190902.26075380287,0.2909549689440994,356576.2497763722,0.9162784679089025,164487.58083694687,0.9809135610766044,34.58089631497236,3.58734223037782,2.3932709513271315,1.281299116967344,2.393270944859104,1.1040088852079049,237322.0304557073,1.5928596490114508,0.48091356107660443,
