,MSE,abs_error,abs_target_sum,abs_target_mean,seasonal_error,MASE,MAPE,sMAPE,MSIS,QuantileLoss[0.1],Coverage[0.1],QuantileLoss[0.5],Coverage[0.5],QuantileLoss[0.9],Coverage[0.9],RMSE,NRMSE,ND,wQuantileLoss[0.1],wQuantileLoss[0.5],wQuantileLoss[0.9],mean_absolute_QuantileLoss,mean_wQuantileLoss,MAE_Coverage,OWA
0,589.1622596153846,7101.953125,5782.3623046875,17.107580783099113,15.29211622087299,1.3740214456004944,2.3244171142578125,1.0774358264087924,7.148672108241491,4315.134051036835,0.4881656804733728,7101.953201293945,0.7544378698224852,2563.683180999755,0.9556213017751479,24.272664864315676,1.4188250911721592,1.228209640070939,0.7462579865565931,1.228209653265191,0.44336259921338605,4660.256811110178,0.8059434130117235,0.455621301775148,
