,MSE,abs_error,abs_target_sum,abs_target_mean,seasonal_error,MASE,MAPE,sMAPE,MSIS,QuantileLoss[0.1],Coverage[0.1],QuantileLoss[0.5],Coverage[0.5],QuantileLoss[0.9],Coverage[0.9],RMSE,NRMSE,ND,wQuantileLoss[0.1],wQuantileLoss[0.5],wQuantileLoss[0.9],mean_absolute_QuantileLoss,mean_wQuantileLoss,MAE_Coverage,OWA
0,208.71435835798817,3159.45263671875,5782.3623046875,17.107580783099113,15.29211622087299,0.6112622264330406,0.6209719521658761,1.1204052084296412,8.18986159042669,1041.658846616745,0.020710059171597635,3159.4522860236466,0.4467455621301775,3135.169047927857,0.6775147928994083,14.446949794264123,0.8444764912953984,0.5463947899213311,0.18014416802840583,0.5463947292722252,0.5421951933704183,2445.426726856083,0.4229113635570165,0.3258382642998028,
