,MSE,abs_error,abs_target_sum,abs_target_mean,seasonal_error,MASE,MAPE,sMAPE,MSIS,QuantileLoss[0.1],Coverage[0.1],QuantileLoss[0.5],Coverage[0.5],QuantileLoss[0.9],Coverage[0.9],RMSE,NRMSE,ND,wQuantileLoss[0.1],wQuantileLoss[0.5],wQuantileLoss[0.9],mean_absolute_QuantileLoss,mean_wQuantileLoss,MAE_Coverage,OWA
0,597.6501941568048,7207.8828125,5782.3623046875,17.107580783099113,15.29211622087299,1.394515760303643,2.4955335344587053,1.0763616618320082,6.747712683611134,4419.656806588173,0.5118343195266272,7207.88245010376,0.7603550295857988,2591.0945621490473,0.9585798816568047,24.44688516267062,1.4290088980215214,1.2465290884068083,0.764334120503891,1.2465290257341113,0.4481031152351979,4739.544606280327,0.8196554204910668,0.45857988165680474,
