,training_loss,val_loss
0,2.571313243508339,4.100027084350586
1,1.5329079430550336,3.7509161493052607
2,2.8943019378185273,3.993315655252208
3,1.5731552799791098,3.41956030804178
4,2.938402967453003,4.05008606288744
5,1.2871136558428407,3.3686778856360395
6,2.8745592403411866,4.179267136946969
7,1.6052909292280675,3.5751115964806597
8,2.990242310464382,3.9920462732729702
9,1.244556575641036,3.3131950212561567
